title,url
"
            
        
        Data Engineer, Specialist
      
      
          ",https://www.linkedin.com/jobs/view/data-engineer-specialist-at-vanguard-2957626330?refId=xmrKaMRjluMX9%2B%2FgFW5QVQ%3D%3D&trackingId=Cc5%2F6NmG8E6sb%2BcysxoAQQ%3D%3D&position=1&pageNum=0&trk=public_jobs_jserp-result_search-card
"
            
        
        data engineer II, Seattle OR Remote
      
      
          ",https://www.linkedin.com/jobs/view/data-engineer-ii-seattle-or-remote-at-starbucks-2942277606?refId=xmrKaMRjluMX9%2B%2FgFW5QVQ%3D%3D&trackingId=gWCNFzox0zbLfJATIhStgQ%3D%3D&position=2&pageNum=0&trk=public_jobs_jserp-result_search-card
"
            
        
        Data Engineer SP&R
      
      
          ",https://www.linkedin.com/jobs/view/data-engineer-sp-r-at-cisco-2964991785?refId=xmrKaMRjluMX9%2B%2FgFW5QVQ%3D%3D&trackingId=ecUCDtE94f%2Ffpb2Q%2Fxr51w%3D%3D&position=3&pageNum=0&trk=public_jobs_jserp-result_search-card
"
            
        
        Data Engineer
      
      
          ",https://www.linkedin.com/jobs/view/data-engineer-at-zenridge-2958889629?refId=xmrKaMRjluMX9%2B%2FgFW5QVQ%3D%3D&trackingId=aCxn9%2BoKddMwIFL1%2FfFMRQ%3D%3D&position=4&pageNum=0&trk=public_jobs_jserp-result_search-card
"
            
        
        Data Engineer
      
      
          ",https://www.linkedin.com/jobs/view/data-engineer-at-wework-2959337964?refId=xmrKaMRjluMX9%2B%2FgFW5QVQ%3D%3D&trackingId=LMqq9PA9AL2EENnupqjPMA%3D%3D&position=5&pageNum=0&trk=public_jobs_jserp-result_search-card
"
            
        
        Data Engineer
      
      
          ",https://www.linkedin.com/jobs/view/data-engineer-at-stripe-2941199367?refId=xmrKaMRjluMX9%2B%2FgFW5QVQ%3D%3D&trackingId=hDA5T6nuQxgirgaMbhfO3A%3D%3D&position=6&pageNum=0&trk=public_jobs_jserp-result_search-card
"
            
        
        Data Engineer - 100% Remote
      
      
          ",https://www.linkedin.com/jobs/view/data-engineer-100%25-remote-at-insight-global-2916528283?refId=xmrKaMRjluMX9%2B%2FgFW5QVQ%3D%3D&trackingId=%2FpvFFg1EjiAXRYCMige7Hg%3D%3D&position=7&pageNum=0&trk=public_jobs_jserp-result_search-card
"
            
        
        Data Engineer, Data Platform
      
      
          ",https://www.linkedin.com/jobs/view/data-engineer-data-platform-at-grammarly-2959917464?refId=xmrKaMRjluMX9%2B%2FgFW5QVQ%3D%3D&trackingId=yLsAEvlioP5253hc90g96Q%3D%3D&position=8&pageNum=0&trk=public_jobs_jserp-result_search-card
"
            
        
        Data Engineer
      
      
          ",https://www.linkedin.com/jobs/view/data-engineer-at-atlassian-2950841667?refId=xmrKaMRjluMX9%2B%2FgFW5QVQ%3D%3D&trackingId=XmyVF%2BEYeUZKKmhrd4Cp9Q%3D%3D&position=9&pageNum=0&trk=public_jobs_jserp-result_search-card
"
            
        
        Data Engineer I
      
      
          ",https://www.linkedin.com/jobs/view/data-engineer-i-at-children-s-mercy-kansas-city-2951923676?refId=xmrKaMRjluMX9%2B%2FgFW5QVQ%3D%3D&trackingId=7QHW1ATQd3%2F4DaOr3MtawA%3D%3D&position=10&pageNum=0&trk=public_jobs_jserp-result_search-card
"
            
        
        Data Engineer - Twitter Service Tech
      
      
          ",https://www.linkedin.com/jobs/view/data-engineer-twitter-service-tech-at-twitter-2939752952?refId=xmrKaMRjluMX9%2B%2FgFW5QVQ%3D%3D&trackingId=tCL6y6UQRBYikyyS4U7KYw%3D%3D&position=11&pageNum=0&trk=public_jobs_jserp-result_search-card
"
            
        
        Data Engineer I
      
      
          ",https://www.linkedin.com/jobs/view/data-engineer-i-at-children-s-mercy-kansas-city-2951925310?refId=xmrKaMRjluMX9%2B%2FgFW5QVQ%3D%3D&trackingId=7yIno5%2F13PFIPkZ4PyWM%2Bw%3D%3D&position=12&pageNum=0&trk=public_jobs_jserp-result_search-card
"
            
        
        IT Data Engineer
      
      
          ",https://www.linkedin.com/jobs/view/it-data-engineer-at-qualcomm-2939767077?refId=xmrKaMRjluMX9%2B%2FgFW5QVQ%3D%3D&trackingId=22b2ayN%2B2VE4aprBUsXTIA%3D%3D&position=13&pageNum=0&trk=public_jobs_jserp-result_search-card
"
            
        
        Data Engineer - Twitter Service Tech
      
      
          ",https://www.linkedin.com/jobs/view/data-engineer-twitter-service-tech-at-twitter-2939759068?refId=xmrKaMRjluMX9%2B%2FgFW5QVQ%3D%3D&trackingId=2D6z46pjm3QfWvtIS78Nsg%3D%3D&position=14&pageNum=0&trk=public_jobs_jserp-result_search-card
"
            
        
        Data Engineer
      
      
          ",https://www.linkedin.com/jobs/view/data-engineer-at-orion-first-2961894496?refId=xmrKaMRjluMX9%2B%2FgFW5QVQ%3D%3D&trackingId=IlhbX7wTSIfSo2gQJPDJPg%3D%3D&position=15&pageNum=0&trk=public_jobs_jserp-result_search-card
"
            
        
        Data Engineer
      
      
          ",https://www.linkedin.com/jobs/view/data-engineer-at-adobe-2950201852?refId=xmrKaMRjluMX9%2B%2FgFW5QVQ%3D%3D&trackingId=8zvmdX24gGSZR9bBdGyMkg%3D%3D&position=16&pageNum=0&trk=public_jobs_jserp-result_search-card
"
            
        
        Data Engineer II, Analytics
      
      
          ",https://www.linkedin.com/jobs/view/data-engineer-ii-analytics-at-twitter-2937600825?refId=xmrKaMRjluMX9%2B%2FgFW5QVQ%3D%3D&trackingId=cfsgE%2Bzmv6%2Bjy8Ae9gLsBQ%3D%3D&position=17&pageNum=0&trk=public_jobs_jserp-result_search-card
"
            
        
        Data Engineer
      
      
          ",https://www.linkedin.com/jobs/view/data-engineer-at-ibm-2959680059?refId=xmrKaMRjluMX9%2B%2FgFW5QVQ%3D%3D&trackingId=JsK2V%2BArMnGdwkUloCKDVQ%3D%3D&position=18&pageNum=0&trk=public_jobs_jserp-result_search-card
"
            
        
        Data Engineer
      
      
          ",https://www.linkedin.com/jobs/view/data-engineer-at-adobe-2950203598?refId=xmrKaMRjluMX9%2B%2FgFW5QVQ%3D%3D&trackingId=0W%2F35B2CsEK1T165iNQbtQ%3D%3D&position=19&pageNum=0&trk=public_jobs_jserp-result_search-card
"
            
        
        Data Engineer
      
      
          ",https://www.linkedin.com/jobs/view/data-engineer-at-morgan-stanley-2946536762?refId=xmrKaMRjluMX9%2B%2FgFW5QVQ%3D%3D&trackingId=umSmEtadUjSi5dTn9%2BxKQA%3D%3D&position=20&pageNum=0&trk=public_jobs_jserp-result_search-card
"
            
        
        Data Engineer
      
      
          ",https://www.linkedin.com/jobs/view/data-engineer-at-nway-inc-2959623236?refId=xmrKaMRjluMX9%2B%2FgFW5QVQ%3D%3D&trackingId=wUadlodo27jlqqlvznWS3w%3D%3D&position=21&pageNum=0&trk=public_jobs_jserp-result_search-card
"
            
        
        Data Engineer SP&R
      
      
          ",https://www.linkedin.com/jobs/view/data-engineer-sp-r-at-cisco-2965000144?refId=xmrKaMRjluMX9%2B%2FgFW5QVQ%3D%3D&trackingId=Cpr2U79usaTK4URMIztYww%3D%3D&position=22&pageNum=0&trk=public_jobs_jserp-result_search-card
"
            
        
        Data Engineer
      
      
          ",https://www.linkedin.com/jobs/view/data-engineer-at-ibm-2959673940?refId=xmrKaMRjluMX9%2B%2FgFW5QVQ%3D%3D&trackingId=9z%2BgIdH4RZaYRZ6oh4eXkg%3D%3D&position=23&pageNum=0&trk=public_jobs_jserp-result_search-card
"
            
        
        Data Engineer II, Analytics
      
      
          ",https://www.linkedin.com/jobs/view/data-engineer-ii-analytics-at-twitter-2937605144?refId=xmrKaMRjluMX9%2B%2FgFW5QVQ%3D%3D&trackingId=wS0mlpx4VCzkhmYcCsAyTg%3D%3D&position=24&pageNum=0&trk=public_jobs_jserp-result_search-card
"
            
        
        Data Engineer II, Analytics
      
      
          ",https://www.linkedin.com/jobs/view/data-engineer-ii-analytics-at-twitter-2937605147?refId=xmrKaMRjluMX9%2B%2FgFW5QVQ%3D%3D&trackingId=iVSjPj2ZV%2BsFZQf8N%2FjfXw%3D%3D&position=25&pageNum=0&trk=public_jobs_jserp-result_search-card
"
            
        
        Junior Data Engineer
      
      
          ",https://www.linkedin.com/jobs/view/junior-data-engineer-at-ibm-2959674841?refId=F0AloKyRVw9LDk7iM4JKEw%3D%3D&trackingId=C8z20K9%2F4xVnJBYuRRfsGw%3D%3D&position=1&pageNum=1&trk=public_jobs_jserp-result_search-card
"
            
        
        Data Engineer
      
      
          ",https://www.linkedin.com/jobs/view/data-engineer-at-adobe-2950200864?refId=F0AloKyRVw9LDk7iM4JKEw%3D%3D&trackingId=DFLM4B4yQFKeHLmfqcx64A%3D%3D&position=2&pageNum=1&trk=public_jobs_jserp-result_search-card
"
            
        
        Data Engineer
      
      
          ",https://www.linkedin.com/jobs/view/data-engineer-at-adobe-2950206536?refId=F0AloKyRVw9LDk7iM4JKEw%3D%3D&trackingId=gJRqCIEI9om0ucEheFX0YA%3D%3D&position=3&pageNum=1&trk=public_jobs_jserp-result_search-card
"
            
        
        Data Engineer
      
      
          ",https://www.linkedin.com/jobs/view/data-engineer-at-whitespace-2964704036?refId=F0AloKyRVw9LDk7iM4JKEw%3D%3D&trackingId=lxVjJdHWhrIP3USLe9AVcw%3D%3D&position=4&pageNum=1&trk=public_jobs_jserp-result_search-card
"
            
        
        Data Engineer - Associate
      
      
          ",https://www.linkedin.com/jobs/view/data-engineer-associate-at-viacomcbs-networks-international-2959341071?refId=F0AloKyRVw9LDk7iM4JKEw%3D%3D&trackingId=jh57kyKZUtWP3YPIrBDjjw%3D%3D&position=5&pageNum=1&trk=public_jobs_jserp-result_search-card
"
            
        
        Data Engineer - Various Levels
      
      
          ",https://www.linkedin.com/jobs/view/data-engineer-various-levels-at-lyft-2937659100?refId=F0AloKyRVw9LDk7iM4JKEw%3D%3D&trackingId=nINy%2BxS4o%2FYjqRsdMJDEpg%3D%3D&position=6&pageNum=1&trk=public_jobs_jserp-result_search-card
"
            
        
        Data Engineer II, Analytics
      
      
          ",https://www.linkedin.com/jobs/view/data-engineer-ii-analytics-at-twitter-2937603562?refId=F0AloKyRVw9LDk7iM4JKEw%3D%3D&trackingId=N3X1k%2BI0NDYBGlDYPsTsmQ%3D%3D&position=7&pageNum=1&trk=public_jobs_jserp-result_search-card
"
            
        
        Data Engineer/Senior Data Engineer, IT Analytics
      
      
          ",https://www.linkedin.com/jobs/view/data-engineer-senior-data-engineer-it-analytics-at-american-airlines-2964590266?refId=F0AloKyRVw9LDk7iM4JKEw%3D%3D&trackingId=dlwZJ7jFWWcCowduFpl6iQ%3D%3D&position=8&pageNum=1&trk=public_jobs_jserp-result_search-card
"
            
        
        Data Engineer
      
      
          ",https://www.linkedin.com/jobs/view/data-engineer-at-pomeroy-2964725234?refId=F0AloKyRVw9LDk7iM4JKEw%3D%3D&trackingId=HMQqLNSy%2BqusNHwYEUYRnA%3D%3D&position=9&pageNum=1&trk=public_jobs_jserp-result_search-card
"
            
        
        Data Engineer
      
      
          ",https://www.linkedin.com/jobs/view/data-engineer-at-visa-2932288977?refId=F0AloKyRVw9LDk7iM4JKEw%3D%3D&trackingId=pIAXKHgOPcLyH1XA%2B7wThA%3D%3D&position=10&pageNum=1&trk=public_jobs_jserp-result_search-card
"
            
        
        Data Engineer
      
      
          ",https://www.linkedin.com/jobs/view/data-engineer-at-hp-2955651932?refId=F0AloKyRVw9LDk7iM4JKEw%3D%3D&trackingId=QoxcTsbUmge4BoMHNDOZww%3D%3D&position=11&pageNum=1&trk=public_jobs_jserp-result_search-card
"
            
        
        Data Engineer
      
      
          ",https://www.linkedin.com/jobs/view/data-engineer-at-cloudteam-com-2957673659?refId=F0AloKyRVw9LDk7iM4JKEw%3D%3D&trackingId=KBqyAFDno%2BQY%2FZeFL8e4RA%3D%3D&position=13&pageNum=1&trk=public_jobs_jserp-result_search-card
"
            
        
        Data Engineer
      
      
          ",https://www.linkedin.com/jobs/view/data-engineer-at-summersalt-2964917531?refId=F0AloKyRVw9LDk7iM4JKEw%3D%3D&trackingId=7%2FKHqkyWcceQ1jf97dJUZg%3D%3D&position=14&pageNum=1&trk=public_jobs_jserp-result_search-card
"
            
        
        Data Engineer
      
      
          ",https://www.linkedin.com/jobs/view/data-engineer-at-ibm-2959676492?refId=F0AloKyRVw9LDk7iM4JKEw%3D%3D&trackingId=OvXCtSHPsQZQJri5aoh%2BnA%3D%3D&position=15&pageNum=1&trk=public_jobs_jserp-result_search-card
"
            
        
        Data Engineer - Remote
      
      
          ",https://www.linkedin.com/jobs/view/data-engineer-remote-at-the-hartford-2962529569?refId=F0AloKyRVw9LDk7iM4JKEw%3D%3D&trackingId=Z%2B3rl3RNdkTVTkX7FJOxXA%3D%3D&position=16&pageNum=1&trk=public_jobs_jserp-result_search-card
"
            
        
        Data Engineer
      
      
          ",https://www.linkedin.com/jobs/view/data-engineer-at-sage-seo-2953069345?refId=F0AloKyRVw9LDk7iM4JKEw%3D%3D&trackingId=afrFIqXMeopISOKMrYsSJg%3D%3D&position=17&pageNum=1&trk=public_jobs_jserp-result_search-card
"
            
        
        Data Engineer II
      
      
          ",https://www.linkedin.com/jobs/view/data-engineer-ii-at-bank-of-america-2957613459?refId=F0AloKyRVw9LDk7iM4JKEw%3D%3D&trackingId=3%2BZIE8WDJBUG6eq3bWNtMA%3D%3D&position=18&pageNum=1&trk=public_jobs_jserp-result_search-card
"
            
        
        Data Engineer
      
      
          ",https://www.linkedin.com/jobs/view/data-engineer-at-pnc-2959741204?refId=F0AloKyRVw9LDk7iM4JKEw%3D%3D&trackingId=17EDrf%2BdP5S%2BlyzXlakDOw%3D%3D&position=19&pageNum=1&trk=public_jobs_jserp-result_search-card
"
            
        
        Data Engineer
      
      
          ",https://www.linkedin.com/jobs/view/data-engineer-at-antra-inc-2948650950?refId=F0AloKyRVw9LDk7iM4JKEw%3D%3D&trackingId=BfGcegYu%2F04FQhy6wZr4EA%3D%3D&position=20&pageNum=1&trk=public_jobs_jserp-result_search-card
"
            
        
        Oracle Data Engineer
      
      
          ",https://www.linkedin.com/jobs/view/oracle-data-engineer-at-charter-global-2959929855?refId=F0AloKyRVw9LDk7iM4JKEw%3D%3D&trackingId=VZEXnvzP3jDuVOcF6ZnAcQ%3D%3D&position=21&pageNum=1&trk=public_jobs_jserp-result_search-card
"
            
        
        Data Engineer
      
      
          ",https://www.linkedin.com/jobs/view/data-engineer-at-theatro-2933549953?refId=F0AloKyRVw9LDk7iM4JKEw%3D%3D&trackingId=6WDCpjSkImWv7EIZKTgHpA%3D%3D&position=22&pageNum=1&trk=public_jobs_jserp-result_search-card
"
            
        
        Data Engineer
      
      
          ",https://www.linkedin.com/jobs/view/data-engineer-at-pnc-2959736742?refId=F0AloKyRVw9LDk7iM4JKEw%3D%3D&trackingId=IzoNRTfD0cIEHej0DjBL3Q%3D%3D&position=23&pageNum=1&trk=public_jobs_jserp-result_search-card
"
            
        
        Data Engineer
      
      
          ",https://www.linkedin.com/jobs/view/data-engineer-at-amazon-2938104083?refId=F0AloKyRVw9LDk7iM4JKEw%3D%3D&trackingId=sQs2CpCUwtc9Fszk8K68rA%3D%3D&position=24&pageNum=1&trk=public_jobs_jserp-result_search-card
"
            
        
        Data Engineer, GMS
      
      
          ",https://www.linkedin.com/jobs/view/data-engineer-gms-at-meta-2958840402?refId=F0AloKyRVw9LDk7iM4JKEw%3D%3D&trackingId=Yn4t%2BREmfL%2BCN2kBkY9wxg%3D%3D&position=25&pageNum=1&trk=public_jobs_jserp-result_search-card
"
            
        
        Data Engineer
      
      
          ",https://www.linkedin.com/jobs/view/data-engineer-at-swish-analytics-2960234185?refId=8LJbphq3I4k02yp%2FN0bHGg%3D%3D&trackingId=PzAeEszu%2F318mP2fQRJffg%3D%3D&position=1&pageNum=2&trk=public_jobs_jserp-result_search-card
"
            
        
        Data Engineer
      
      
          ",https://www.linkedin.com/jobs/view/data-engineer-at-west-coast-consulting-2957619764?refId=8LJbphq3I4k02yp%2FN0bHGg%3D%3D&trackingId=C5XUgKggROThCq8wPSVAhQ%3D%3D&position=2&pageNum=2&trk=public_jobs_jserp-result_search-card
"
            
        
        Data Engineer
      
      
          ",https://www.linkedin.com/jobs/view/data-engineer-at-spruce-infotech-inc-2950869306?refId=8LJbphq3I4k02yp%2FN0bHGg%3D%3D&trackingId=YY%2BnUROPfdIc8iHOP7BQlg%3D%3D&position=3&pageNum=2&trk=public_jobs_jserp-result_search-card
"
            
        
        Data Engineer - Undergrad New College Grad - Multiple Locations - 2022
      
      
          ",https://www.linkedin.com/jobs/view/data-engineer-undergrad-new-college-grad-multiple-locations-2022-at-visa-2950347349?refId=8LJbphq3I4k02yp%2FN0bHGg%3D%3D&trackingId=HCMABIJmX%2FT2QBSBNHPNtA%3D%3D&position=4&pageNum=2&trk=public_jobs_jserp-result_search-card
"
            
        
        Data Engineer- Communications
      
      
          ",https://www.linkedin.com/jobs/view/data-engineer-communications-at-ibm-2959672822?refId=8LJbphq3I4k02yp%2FN0bHGg%3D%3D&trackingId=Stu5RQz6%2FzqGDQZYpHy8Ng%3D%3D&position=5&pageNum=2&trk=public_jobs_jserp-result_search-card
"
            
        
        Data Engineer
      
      
          ",https://www.linkedin.com/jobs/view/data-engineer-at-webmasters4seo-2958836437?refId=8LJbphq3I4k02yp%2FN0bHGg%3D%3D&trackingId=Y61uUWjwQkU7%2FVHCaNAJ3A%3D%3D&position=6&pageNum=2&trk=public_jobs_jserp-result_search-card
"
            
        
        Data Engineer, ICFT
      
      
          ",https://www.linkedin.com/jobs/view/data-engineer-icft-at-amazon-2950840727?refId=8LJbphq3I4k02yp%2FN0bHGg%3D%3D&trackingId=F9%2FyTLMeXGG%2BG6tqDKLoUw%3D%3D&position=7&pageNum=2&trk=public_jobs_jserp-result_search-card
"
            
        
        Data Engineer
      
      
          ",https://www.linkedin.com/jobs/view/data-engineer-at-insight-global-2962455426?refId=8LJbphq3I4k02yp%2FN0bHGg%3D%3D&trackingId=x68zy%2FeieL8dm0ZQyQ0ssg%3D%3D&position=8&pageNum=2&trk=public_jobs_jserp-result_search-card
"
            
        
        Data Engineer II
      
      
          ",https://www.linkedin.com/jobs/view/data-engineer-ii-at-bank-of-america-2957616061?refId=8LJbphq3I4k02yp%2FN0bHGg%3D%3D&trackingId=3OxWlZ30mdnNy4qwyFevnQ%3D%3D&position=9&pageNum=2&trk=public_jobs_jserp-result_search-card
"
            
        
        Data Engineer
      
      
          ",https://www.linkedin.com/jobs/view/data-engineer-at-everytable-2932275206?refId=8LJbphq3I4k02yp%2FN0bHGg%3D%3D&trackingId=Bko18V7doAmzqvVqpxFnsw%3D%3D&position=10&pageNum=2&trk=public_jobs_jserp-result_search-card
"
            
        
        Data Engineer
      
      
          ",https://www.linkedin.com/jobs/view/data-engineer-at-veeva-systems-2940212661?refId=8LJbphq3I4k02yp%2FN0bHGg%3D%3D&trackingId=UvgH0JUNoi9Va02kzBgUjg%3D%3D&position=11&pageNum=2&trk=public_jobs_jserp-result_search-card
"
            
        
        Lead Data Engineer 
      
      
          ",https://www.linkedin.com/jobs/view/lead-data-engineer-at-deduce-2957617819?refId=8LJbphq3I4k02yp%2FN0bHGg%3D%3D&trackingId=QoNpqR1jMowkDRDSHMO8sA%3D%3D&position=12&pageNum=2&trk=public_jobs_jserp-result_search-card
"
            
        
        Data Engineer Houston, TX or San Ramon, CA
      
      
          ",https://www.linkedin.com/jobs/view/data-engineer-houston-tx-or-san-ramon-ca-at-confidential-2957633090?refId=8LJbphq3I4k02yp%2FN0bHGg%3D%3D&trackingId=4KaAsv%2Ffmr0%2BcdzFcAWpSQ%3D%3D&position=13&pageNum=2&trk=public_jobs_jserp-result_search-card
"
            
        
        Data Engineer
      
      
          ",https://www.linkedin.com/jobs/view/data-engineer-at-agreeya-solutions-2946551317?refId=8LJbphq3I4k02yp%2FN0bHGg%3D%3D&trackingId=g4pZE%2FRscqlipUtXMgfeMg%3D%3D&position=14&pageNum=2&trk=public_jobs_jserp-result_search-card
"
            
        
        Data Engineer (Remote)
      
      
          ",https://www.linkedin.com/jobs/view/data-engineer-remote-at-hp-2944678599?refId=8LJbphq3I4k02yp%2FN0bHGg%3D%3D&trackingId=6jBwbtcE6DCOPBbjx9FBTg%3D%3D&position=15&pageNum=2&trk=public_jobs_jserp-result_search-card
"
            
        
        Data Engineer
      
      
          ",https://www.linkedin.com/jobs/view/data-engineer-at-abbtech-2956289431?refId=8LJbphq3I4k02yp%2FN0bHGg%3D%3D&trackingId=rRy214gdqEjvjskhUWrcrQ%3D%3D&position=16&pageNum=2&trk=public_jobs_jserp-result_search-card
"
            
        
        Data Engineer
      
      
          ",https://www.linkedin.com/jobs/view/data-engineer-at-smart-folks-inc-2951922806?refId=8LJbphq3I4k02yp%2FN0bHGg%3D%3D&trackingId=5Kita3Pd%2F2Wk8TSSFQq7vw%3D%3D&position=17&pageNum=2&trk=public_jobs_jserp-result_search-card
"
            
        
        Data Engineer- Public
      
      
          ",https://www.linkedin.com/jobs/view/data-engineer-public-at-ibm-2959671721?refId=8LJbphq3I4k02yp%2FN0bHGg%3D%3D&trackingId=kn5HkISeAABoWtn16vSERg%3D%3D&position=18&pageNum=2&trk=public_jobs_jserp-result_search-card
"
            
        
        Associate Data Engineer
      
      
          ",https://www.linkedin.com/jobs/view/associate-data-engineer-at-the-hartford-2960257857?refId=8LJbphq3I4k02yp%2FN0bHGg%3D%3D&trackingId=UWWxZLxWnRfTg30oIUVMoA%3D%3D&position=19&pageNum=2&trk=public_jobs_jserp-result_search-card
"
            
        
        Data Engineer
      
      
          ",https://www.linkedin.com/jobs/view/data-engineer-at-hireme-2961958434?refId=8LJbphq3I4k02yp%2FN0bHGg%3D%3D&trackingId=XT3xmo2Qc%2BpuJLoiwC0abg%3D%3D&position=20&pageNum=2&trk=public_jobs_jserp-result_search-card
"
            
        
        Data Engineer
      
      
          ",https://www.linkedin.com/jobs/view/data-engineer-at-meta-2948676876?refId=8LJbphq3I4k02yp%2FN0bHGg%3D%3D&trackingId=evGbUTOQOqjoUnbASJZDIg%3D%3D&position=21&pageNum=2&trk=public_jobs_jserp-result_search-card
"
            
        
        Data Engineer
      
      
          ",https://www.linkedin.com/jobs/view/data-engineer-at-eastridge-workforce-solutions-2947062198?refId=8LJbphq3I4k02yp%2FN0bHGg%3D%3D&trackingId=5f%2BDk7wfzDFWIpi6xkgB3w%3D%3D&position=22&pageNum=2&trk=public_jobs_jserp-result_search-card
"
            
        
        Data Engineer
      
      
          ",https://www.linkedin.com/jobs/view/data-engineer-at-sgs-consulting-2950872431?refId=8LJbphq3I4k02yp%2FN0bHGg%3D%3D&trackingId=LPdIFJruvjSdyjIJSuh80w%3D%3D&position=23&pageNum=2&trk=public_jobs_jserp-result_search-card
"
            
        
        Cloud Data Engineer
      
      
          ",https://www.linkedin.com/jobs/view/cloud-data-engineer-at-google-2959925942?refId=8LJbphq3I4k02yp%2FN0bHGg%3D%3D&trackingId=Zo04Krl1hZ2%2FZrH7jGbbCg%3D%3D&position=24&pageNum=2&trk=public_jobs_jserp-result_search-card
"
            
        
        Data Engineer (Top-Secret/SCI) 
      
      
          ",https://www.linkedin.com/jobs/view/data-engineer-top-secret-sci-at-abbtech-2959611928?refId=8LJbphq3I4k02yp%2FN0bHGg%3D%3D&trackingId=whKdhZqKkkUN52mXQ51sVA%3D%3D&position=25&pageNum=2&trk=public_jobs_jserp-result_search-card
"
            
        
        Principal Data Engineer
      
      
          ",https://www.linkedin.com/jobs/view/principal-data-engineer-at-morgan-stanley-2959913487?refId=F5PIxFUiHseYl2tbWDfYug%3D%3D&trackingId=%2BZ0xvmkQ%2FxEg5xRW5nO04A%3D%3D&position=1&pageNum=3&trk=public_jobs_jserp-result_search-card
"
            
        
        Data Engineer
      
      
          ",https://www.linkedin.com/jobs/view/data-engineer-at-gamesight-2950006501?refId=F5PIxFUiHseYl2tbWDfYug%3D%3D&trackingId=2pIRfFX6dcsbEiNpa2gaxg%3D%3D&position=2&pageNum=3&trk=public_jobs_jserp-result_search-card
"
            
        
        Data Engineer
      
      
          ",https://www.linkedin.com/jobs/view/data-engineer-at-aruba-a-hewlett-packard-enterprise-company-2934694344?refId=F5PIxFUiHseYl2tbWDfYug%3D%3D&trackingId=v4f4unkkz7vnZ5NarcVDWw%3D%3D&position=3&pageNum=3&trk=public_jobs_jserp-result_search-card
"
            
        
        Data Engineer
      
      
          ",https://www.linkedin.com/jobs/view/data-engineer-at-myia-health-2964795921?refId=F5PIxFUiHseYl2tbWDfYug%3D%3D&trackingId=o3Vlcl%2FQrxX%2BTDlCWZB%2Bhw%3D%3D&position=4&pageNum=3&trk=public_jobs_jserp-result_search-card
"
            
        
        Data Engineer
      
      
          ",https://www.linkedin.com/jobs/view/data-engineer-at-kloutix-solutions-2960333210?refId=F5PIxFUiHseYl2tbWDfYug%3D%3D&trackingId=aWPexWu3rEjmOSOMaryZyw%3D%3D&position=5&pageNum=3&trk=public_jobs_jserp-result_search-card
"
            
        
        Data Engineer/Data Scientist
      
      
          ",https://www.linkedin.com/jobs/view/data-engineer-data-scientist-at-loanstreet-inc-2959665288?refId=F5PIxFUiHseYl2tbWDfYug%3D%3D&trackingId=fIGvWe5gqYiiURZKa10W%2Bg%3D%3D&position=6&pageNum=3&trk=public_jobs_jserp-result_search-card
"
            
        
        Data Engineer
      
      
          ",https://www.linkedin.com/jobs/view/data-engineer-at-everytable-2932898594?refId=F5PIxFUiHseYl2tbWDfYug%3D%3D&trackingId=loW8t6USnkXQQhKdC8T2vg%3D%3D&position=7&pageNum=3&trk=public_jobs_jserp-result_search-card
"
            
        
        Data Engineer
      
      
          ",https://www.linkedin.com/jobs/view/data-engineer-at-ibm-2955724654?refId=F5PIxFUiHseYl2tbWDfYug%3D%3D&trackingId=t5FcPMhTeCdhgfPycJq%2FDg%3D%3D&position=8&pageNum=3&trk=public_jobs_jserp-result_search-card
"
            
        
        Data Engineer
      
      
          ",https://www.linkedin.com/jobs/view/data-engineer-at-vdart-2950205226?refId=F5PIxFUiHseYl2tbWDfYug%3D%3D&trackingId=UkTOzZBhlAEDjDaqqJX2Dg%3D%3D&position=9&pageNum=3&trk=public_jobs_jserp-result_search-card
"
            
        
        Data Engineer - Raleigh, North Carolina
      
      
          ",https://www.linkedin.com/jobs/view/data-engineer-raleigh-north-carolina-at-ibm-2959677709?refId=F5PIxFUiHseYl2tbWDfYug%3D%3D&trackingId=DhaBMqEXSMfgqI%2FIC8vw3g%3D%3D&position=10&pageNum=3&trk=public_jobs_jserp-result_search-card
"
            
        
        Data Engineer
      
      
          ",https://www.linkedin.com/jobs/view/data-engineer-at-rang-technologies-inc-2964883419?refId=F5PIxFUiHseYl2tbWDfYug%3D%3D&trackingId=GrGTZNuDjkRa1r24%2B%2Bvdkw%3D%3D&position=11&pageNum=3&trk=public_jobs_jserp-result_search-card
"
            
        
        Data Engineer
      
      
          ",https://www.linkedin.com/jobs/view/data-engineer-at-adobe-2950202684?refId=F5PIxFUiHseYl2tbWDfYug%3D%3D&trackingId=GemazPtQVEfJL%2FRx68KstA%3D%3D&position=12&pageNum=3&trk=public_jobs_jserp-result_search-card
"
            
        
        Data Engineer
      
      
          ",https://www.linkedin.com/jobs/view/data-engineer-at-vbeyond-corporation-2959387679?refId=F5PIxFUiHseYl2tbWDfYug%3D%3D&trackingId=GfrFQON2Hx3xCTuMOa9GHg%3D%3D&position=13&pageNum=3&trk=public_jobs_jserp-result_search-card
"
            
        
        Associate Data Engineer
      
      
          ",https://www.linkedin.com/jobs/view/associate-data-engineer-at-ubisoft-2945920632?refId=F5PIxFUiHseYl2tbWDfYug%3D%3D&trackingId=EhZDyWJwOwYilflij0sUJQ%3D%3D&position=14&pageNum=3&trk=public_jobs_jserp-result_search-card
"
            
        
        Data Engineer
      
      
          ",https://www.linkedin.com/jobs/view/data-engineer-at-viacomcbs-networks-international-2959339269?refId=F5PIxFUiHseYl2tbWDfYug%3D%3D&trackingId=BgRC2wJSQxMA40ci9TOgRA%3D%3D&position=15&pageNum=3&trk=public_jobs_jserp-result_search-card
"
            
        
        Junior Data Engineer
      
      
          ",https://www.linkedin.com/jobs/view/junior-data-engineer-at-vxplore-2962383090?refId=F5PIxFUiHseYl2tbWDfYug%3D%3D&trackingId=pXD9V96NaxKzbd92X0ndvw%3D%3D&position=16&pageNum=3&trk=public_jobs_jserp-result_search-card
"
            
        
        Data Engineer, ML Platform
      
      
          ",https://www.linkedin.com/jobs/view/data-engineer-ml-platform-at-change-org-2951930930?refId=F5PIxFUiHseYl2tbWDfYug%3D%3D&trackingId=GsPmLhkoe2daCaD0YLt4yA%3D%3D&position=17&pageNum=3&trk=public_jobs_jserp-result_search-card
"
            
        
        Data Engineer - Undergrad New College Grad - Multiple Locations - 2022
      
      
          ",https://www.linkedin.com/jobs/view/data-engineer-undergrad-new-college-grad-multiple-locations-2022-at-visa-2935699740?refId=F5PIxFUiHseYl2tbWDfYug%3D%3D&trackingId=7oNS%2BEMGY1Yb9QBempXO6w%3D%3D&position=18&pageNum=3&trk=public_jobs_jserp-result_search-card
"
            
        
        Data Engineer I
      
      
          ",https://www.linkedin.com/jobs/view/data-engineer-i-at-wework-2951758414?refId=F5PIxFUiHseYl2tbWDfYug%3D%3D&trackingId=YwYTCvpRFNWDZgt7WBFPSA%3D%3D&position=20&pageNum=3&trk=public_jobs_jserp-result_search-card
"
            
        
        Data Engineer
      
      
          ",https://www.linkedin.com/jobs/view/data-engineer-at-encora-inc-2955585485?refId=F5PIxFUiHseYl2tbWDfYug%3D%3D&trackingId=qM1SuVWX3c3W0ysIx2mpVQ%3D%3D&position=21&pageNum=3&trk=public_jobs_jserp-result_search-card
"
            
        
        Staff Data Engineer
      
      
          ",https://www.linkedin.com/jobs/view/staff-data-engineer-at-bayer-2958895010?refId=F5PIxFUiHseYl2tbWDfYug%3D%3D&trackingId=W8hLn6fjm9Lm6qOsBe1t7A%3D%3D&position=22&pageNum=3&trk=public_jobs_jserp-result_search-card
"
            
        
        Associate Data Engineer
      
      
          ",https://www.linkedin.com/jobs/view/associate-data-engineer-at-abbvie-2955872375?refId=F5PIxFUiHseYl2tbWDfYug%3D%3D&trackingId=TT1FJHC%2FVWOiYh6h15i8pw%3D%3D&position=23&pageNum=3&trk=public_jobs_jserp-result_search-card
"
            
        
        Data Engineer
      
      
          ",https://www.linkedin.com/jobs/view/data-engineer-at-iquasar-software-solutions-2959377578?refId=F5PIxFUiHseYl2tbWDfYug%3D%3D&trackingId=T274%2FpwW%2FOcjg4IrSH7XkQ%3D%3D&position=24&pageNum=3&trk=public_jobs_jserp-result_search-card
"
            
        
        Data Engineer
      
      
          ",https://www.linkedin.com/jobs/view/data-engineer-at-adobe-2950203601?refId=F5PIxFUiHseYl2tbWDfYug%3D%3D&trackingId=2JE4jti54xURDCPkq7slow%3D%3D&position=25&pageNum=3&trk=public_jobs_jserp-result_search-card
"
            
        
        Data Engineer
      
      
          ",https://www.linkedin.com/jobs/view/data-engineer-at-cvs-health-2960234407?refId=h6ZPnWgEC%2BJ%2BRqpMP895MQ%3D%3D&trackingId=MxVrMvXrF97VqhqkvD1zYQ%3D%3D&position=1&pageNum=4&trk=public_jobs_jserp-result_search-card
"
            
        
        Data Engineer, GMS
      
      
          ",https://www.linkedin.com/jobs/view/data-engineer-gms-at-meta-2958841225?refId=h6ZPnWgEC%2BJ%2BRqpMP895MQ%3D%3D&trackingId=uqRHL%2BNxb6uGTYU0za%2FslQ%3D%3D&position=2&pageNum=4&trk=public_jobs_jserp-result_search-card
"
            
        
        Data Engineer
      
      
          ",https://www.linkedin.com/jobs/view/data-engineer-at-servstaffing-inc-2956289367?refId=h6ZPnWgEC%2BJ%2BRqpMP895MQ%3D%3D&trackingId=FOOIHd7rk%2B3uNSjszRxENg%3D%3D&position=3&pageNum=4&trk=public_jobs_jserp-result_search-card
"
            
        
        Data Engineer
      
      
          ",https://www.linkedin.com/jobs/view/data-engineer-at-amazon-2939752789?refId=h6ZPnWgEC%2BJ%2BRqpMP895MQ%3D%3D&trackingId=L%2B5uXLfg6EhMJ24FZBfxmQ%3D%3D&position=4&pageNum=4&trk=public_jobs_jserp-result_search-card
"
            
        
        Data Engineer
      
      
          ",https://www.linkedin.com/jobs/view/data-engineer-at-siaraa-technologies-2964246321?refId=h6ZPnWgEC%2BJ%2BRqpMP895MQ%3D%3D&trackingId=1TToM8u8GNRNoC2z7fPeEQ%3D%3D&position=5&pageNum=4&trk=public_jobs_jserp-result_search-card
"
            
        
        Data Engineer III
      
      
          ",https://www.linkedin.com/jobs/view/data-engineer-iii-at-american-express-global-business-travel-2958007506?refId=h6ZPnWgEC%2BJ%2BRqpMP895MQ%3D%3D&trackingId=uEnpluwHklCw8qyGxiMCeA%3D%3D&position=6&pageNum=4&trk=public_jobs_jserp-result_search-card
"
            
        
        Data Engineer, GMS
      
      
          ",https://www.linkedin.com/jobs/view/data-engineer-gms-at-meta-2958843134?refId=h6ZPnWgEC%2BJ%2BRqpMP895MQ%3D%3D&trackingId=NmweqU%2FOOkFEY%2FISQsubrQ%3D%3D&position=7&pageNum=4&trk=public_jobs_jserp-result_search-card
"
            
        
        Data Engineer
      
      
          ",https://www.linkedin.com/jobs/view/data-engineer-at-amazon-2950842325?refId=h6ZPnWgEC%2BJ%2BRqpMP895MQ%3D%3D&trackingId=UMnrpp3V%2FhYm59ZZiflwOQ%3D%3D&position=8&pageNum=4&trk=public_jobs_jserp-result_search-card
"
            
        
        Data Engineer
      
      
          ",https://www.linkedin.com/jobs/view/data-engineer-at-info-services-2959669329?refId=h6ZPnWgEC%2BJ%2BRqpMP895MQ%3D%3D&trackingId=NcvP7EaLhAJ3t3dngGbNww%3D%3D&position=9&pageNum=4&trk=public_jobs_jserp-result_search-card
"
            
        
        Data Engineer
      
      
          ",https://www.linkedin.com/jobs/view/data-engineer-at-thescore-2944290527?refId=h6ZPnWgEC%2BJ%2BRqpMP895MQ%3D%3D&trackingId=M4Evgnpku9Tc9mTCvkJUAQ%3D%3D&position=10&pageNum=4&trk=public_jobs_jserp-result_search-card
"
            
        
        Data Engineer
      
      
          ",https://www.linkedin.com/jobs/view/data-engineer-at-alphatek-solutions-llc-2951922183?refId=h6ZPnWgEC%2BJ%2BRqpMP895MQ%3D%3D&trackingId=CizrYjtoGKQqfqugzJ2Ktw%3D%3D&position=11&pageNum=4&trk=public_jobs_jserp-result_search-card
"
            
        
        Data Engineer, Analytics
      
      
          ",https://www.linkedin.com/jobs/view/data-engineer-analytics-at-fivetran-2941155400?refId=h6ZPnWgEC%2BJ%2BRqpMP895MQ%3D%3D&trackingId=UMPA5b5xzmTd0%2F5V6JaEYQ%3D%3D&position=12&pageNum=4&trk=public_jobs_jserp-result_search-card
"
            
        
        Junior Data Engineer
      
      
          ",https://www.linkedin.com/jobs/view/junior-data-engineer-at-sobeys-2948114336?refId=h6ZPnWgEC%2BJ%2BRqpMP895MQ%3D%3D&trackingId=rUGn%2FUwzbQLY3Zn6gg3%2B2g%3D%3D&position=13&pageNum=4&trk=public_jobs_jserp-result_search-card
"
            
        
        Data Engineer
      
      
          ",https://www.linkedin.com/jobs/view/data-engineer-at-rios-intelligent-machines-2964365256?refId=h6ZPnWgEC%2BJ%2BRqpMP895MQ%3D%3D&trackingId=hzA0Szhou9HZsgpcv79WZg%3D%3D&position=14&pageNum=4&trk=public_jobs_jserp-result_search-card
"
            
        
        Data Engineer
      
      
          ",https://www.linkedin.com/jobs/view/data-engineer-at-caserta-2949110766?refId=h6ZPnWgEC%2BJ%2BRqpMP895MQ%3D%3D&trackingId=kShvoDcxre24pbANSdxm0w%3D%3D&position=15&pageNum=4&trk=public_jobs_jserp-result_search-card
"
            
        
        Data Engineer
      
      
          ",https://www.linkedin.com/jobs/view/data-engineer-at-tanisha-systems-inc-2951930195?refId=h6ZPnWgEC%2BJ%2BRqpMP895MQ%3D%3D&trackingId=9zGWczhh%2Fi1VxxOktQ1J%2BQ%3D%3D&position=16&pageNum=4&trk=public_jobs_jserp-result_search-card
"
            
        
        Azure Data Engineer
      
      
          ",https://www.linkedin.com/jobs/view/azure-data-engineer-at-vysystems-2951903774?refId=h6ZPnWgEC%2BJ%2BRqpMP895MQ%3D%3D&trackingId=H6OiuaX3ORJ4%2F0YTNXqIqA%3D%3D&position=17&pageNum=4&trk=public_jobs_jserp-result_search-card
"
            
        
        Data Engineer
      
      
          ",https://www.linkedin.com/jobs/view/data-engineer-at-mcgraw-hill-2947539309?refId=5zsck1bjBM6NssMbFJUQqw%3D%3D&trackingId=ztYzhAnqzMZTZQsH3mEt5g%3D%3D&position=1&pageNum=5&trk=public_jobs_jserp-result_search-card
"
            
        
        Data Engineer
      
      
          ",https://www.linkedin.com/jobs/view/data-engineer-at-cdrp-technologies-2959685875?refId=5zsck1bjBM6NssMbFJUQqw%3D%3D&trackingId=DzSZG6OuZIdvStGKXWUfEg%3D%3D&position=2&pageNum=5&trk=public_jobs_jserp-result_search-card
"
            
        
        Data Engineer
      
      
          ",https://www.linkedin.com/jobs/view/data-engineer-at-lyve-tech-llc-2964368403?refId=5zsck1bjBM6NssMbFJUQqw%3D%3D&trackingId=Ld2jT7tBNm%2Fn%2FpF9UAz0xg%3D%3D&position=3&pageNum=5&trk=public_jobs_jserp-result_search-card
"
            
        
        Data Engineer - Buckhead
      
      
          ",https://www.linkedin.com/jobs/view/data-engineer-buckhead-at-cortland-2952343832?refId=5zsck1bjBM6NssMbFJUQqw%3D%3D&trackingId=fBar5CEKfb1xmysdWiRXhQ%3D%3D&position=4&pageNum=5&trk=public_jobs_jserp-result_search-card
"
            
        
        Data Engineer
      
      
          ",https://www.linkedin.com/jobs/view/data-engineer-at-hp-2955652772?refId=5zsck1bjBM6NssMbFJUQqw%3D%3D&trackingId=THcf8yNw%2BVuPsdK9LrXgAw%3D%3D&position=5&pageNum=5&trk=public_jobs_jserp-result_search-card
"
            
        
        Data Engineer
      
      
          ",https://www.linkedin.com/jobs/view/data-engineer-at-pnc-2949098788?refId=5zsck1bjBM6NssMbFJUQqw%3D%3D&trackingId=M8D85ToKgaYMjQYOY%2BYXKQ%3D%3D&position=6&pageNum=5&trk=public_jobs_jserp-result_search-card
"
            
        
        Data Engineer, GMS
      
      
          ",https://www.linkedin.com/jobs/view/data-engineer-gms-at-meta-2958836984?refId=5zsck1bjBM6NssMbFJUQqw%3D%3D&trackingId=Z94sUFm%2BbZHzMPvEq96NFw%3D%3D&position=7&pageNum=5&trk=public_jobs_jserp-result_search-card
"
            
        
        Data Engineer
      
      
          ",https://www.linkedin.com/jobs/view/data-engineer-at-hp-2955652771?refId=5zsck1bjBM6NssMbFJUQqw%3D%3D&trackingId=ad4AlZQcN%2BTTGX6Uzgx42Q%3D%3D&position=10&pageNum=5&trk=public_jobs_jserp-result_search-card
"
            
        
        Data Engineer
      
      
          ",https://www.linkedin.com/jobs/view/data-engineer-at-canvendor-2946287558?refId=5zsck1bjBM6NssMbFJUQqw%3D%3D&trackingId=Vto%2BeuXnJuGPLE5%2FM5uFSA%3D%3D&position=11&pageNum=5&trk=public_jobs_jserp-result_search-card
"
            
        
        Data Engineer
      
      
          ",https://www.linkedin.com/jobs/view/data-engineer-at-re-max-2951935311?refId=5zsck1bjBM6NssMbFJUQqw%3D%3D&trackingId=Pk14XdOgJE2d78jKEsb4Iw%3D%3D&position=12&pageNum=5&trk=public_jobs_jserp-result_search-card
"
            
        
        Data Engineer
      
      
          ",https://www.linkedin.com/jobs/view/data-engineer-at-radancy-2962493972?refId=5zsck1bjBM6NssMbFJUQqw%3D%3D&trackingId=jQOttwfnU9q2Zt8rPi7t4g%3D%3D&position=13&pageNum=5&trk=public_jobs_jserp-result_search-card
"
            
        
        Data Engineer III
      
      
          ",https://www.linkedin.com/jobs/view/data-engineer-iii-at-momentive-ai-2952202420?refId=5zsck1bjBM6NssMbFJUQqw%3D%3D&trackingId=G%2FE%2FNfOy6cdl2CuJ5dSaag%3D%3D&position=14&pageNum=5&trk=public_jobs_jserp-result_search-card
"
            
        
        Data Engineer
      
      
          ",https://www.linkedin.com/jobs/view/data-engineer-at-iconma-2947051833?refId=5zsck1bjBM6NssMbFJUQqw%3D%3D&trackingId=UzGy6FYmy1Yr9RqNw7uhPQ%3D%3D&position=15&pageNum=5&trk=public_jobs_jserp-result_search-card
"
            
        
        Data Engineer
      
      
          ",https://www.linkedin.com/jobs/view/data-engineer-at-cdrp-technologies-2964962302?refId=5zsck1bjBM6NssMbFJUQqw%3D%3D&trackingId=sTL80ZsmvW2Go8D3QZZeVw%3D%3D&position=16&pageNum=5&trk=public_jobs_jserp-result_search-card
"
            
        
        Data Engineer
      
      
          ",https://www.linkedin.com/jobs/view/data-engineer-at-workiva-2951341518?refId=5zsck1bjBM6NssMbFJUQqw%3D%3D&trackingId=4Vxn9C4DimRUnvhAPzccAg%3D%3D&position=17&pageNum=5&trk=public_jobs_jserp-result_search-card
"
            
        
        Associate Data Engineer
      
      
          ",https://www.linkedin.com/jobs/view/associate-data-engineer-at-liberty-mutual-insurance-2950897921?refId=5zsck1bjBM6NssMbFJUQqw%3D%3D&trackingId=QJs7CHW5pAZaNUT58Ioauw%3D%3D&position=18&pageNum=5&trk=public_jobs_jserp-result_search-card
"
            
        
        Senior Data Engineer - Big Data - Hadoop
      
      
          ",https://www.linkedin.com/jobs/view/senior-data-engineer-big-data-hadoop-at-visa-2945546901?refId=5zsck1bjBM6NssMbFJUQqw%3D%3D&trackingId=ESUsVAlScXGjA6Fpk2b80w%3D%3D&position=19&pageNum=5&trk=public_jobs_jserp-result_search-card
"
            
        
        Data Engineer
      
      
          ",https://www.linkedin.com/jobs/view/data-engineer-at-appic-solutions-llc-2962212887?refId=5zsck1bjBM6NssMbFJUQqw%3D%3D&trackingId=HIRu%2F7zLljfcihiiXcYQzg%3D%3D&position=20&pageNum=5&trk=public_jobs_jserp-result_search-card
"
            
        
        Data Engineer
      
      
          ",https://www.linkedin.com/jobs/view/data-engineer-at-confidential-2947013625?refId=5zsck1bjBM6NssMbFJUQqw%3D%3D&trackingId=rb0BIgJWLsvIjexJN90CHg%3D%3D&position=21&pageNum=5&trk=public_jobs_jserp-result_search-card
"
            
        
        Data Engineer
      
      
          ",https://www.linkedin.com/jobs/view/data-engineer-at-vdart-2938136695?refId=5zsck1bjBM6NssMbFJUQqw%3D%3D&trackingId=TzVzej8m2Gr6134xT0drEQ%3D%3D&position=22&pageNum=5&trk=public_jobs_jserp-result_search-card
"
            
        
        Data Engineer
      
      
          ",https://www.linkedin.com/jobs/view/data-engineer-at-coca-cola-beverages-florida-2939465102?refId=5zsck1bjBM6NssMbFJUQqw%3D%3D&trackingId=EJuFL0W3RYvJXFkradGLlQ%3D%3D&position=23&pageNum=5&trk=public_jobs_jserp-result_search-card
"
            
        
        Data Engineer
      
      
          ",https://www.linkedin.com/jobs/view/data-engineer-at-informa-markets-2964503333?refId=5zsck1bjBM6NssMbFJUQqw%3D%3D&trackingId=p43qsSYs0hoWDub4z9tHnA%3D%3D&position=24&pageNum=5&trk=public_jobs_jserp-result_search-card
"
            
        
        Principal Data Engineer
      
      
          ",https://www.linkedin.com/jobs/view/principal-data-engineer-at-divvydose-2962525660?refId=5zsck1bjBM6NssMbFJUQqw%3D%3D&trackingId=cBjRuG8kws1BQmfBKNx6hQ%3D%3D&position=25&pageNum=5&trk=public_jobs_jserp-result_search-card
